ğŸ‡®ğŸ‡¸,Iceland
ğŸ‡®ğŸ‡ª,Ireland
ğŸ‡¦ğŸ‡¿,Azerbaijan
ğŸ‡¦ğŸ‡«,Afghanistan
ğŸ‡ºğŸ‡¸,United States
ğŸ‡¦ğŸ‡ª,United Arab Emirates
ğŸ‡©ğŸ‡¿,Algeria
ğŸ‡¦ğŸ‡·,Argentina
ğŸ‡¦ğŸ‡±,Albania
ğŸ‡¦ğŸ‡²,Armenia
ğŸ‡¦ğŸ‡´,Angola
ğŸ‡¦ğŸ‡¬,Antigua & Barbuda
ğŸ‡¦ğŸ‡©,Andorra
ğŸ‡¾ğŸ‡ª,Yemen
ğŸ‡¬ğŸ‡§,United Kingdom
ğŸ‡®ğŸ‡±,Israel
ğŸ‡®ğŸ‡¹,Italy
ğŸ‡®ğŸ‡¶,Iraq
ğŸ‡®ğŸ‡·,Iran
ğŸ‡®ğŸ‡³,India
ğŸ‡®ğŸ‡©,Indonesia
ğŸ‡ºğŸ‡¬,Uganda
ğŸ‡ºğŸ‡¦,Ukraine
ğŸ‡ºğŸ‡¿,Uzbekistan
ğŸ‡ºğŸ‡¾,Uruguay
ğŸ‡ªğŸ‡¨,Ecuador
ğŸ‡ªğŸ‡¬,Egypt
ğŸ‡ªğŸ‡ª,Estonia
ğŸ‡¸ğŸ‡¿,Eswatini
ğŸ‡ªğŸ‡¹,Ethiopia
ğŸ‡ªğŸ‡·,Eritrea
ğŸ‡¸ğŸ‡»,El Salvador
ğŸ‡¦ğŸ‡º,Australia
ğŸ‡¦ğŸ‡¹,Austria
ğŸ‡´ğŸ‡²,Oman
ğŸ‡³ğŸ‡±,Netherlands
ğŸ‡¬ğŸ‡­,Ghana
ğŸ‡¨ğŸ‡»,Cape Verde
ğŸ‡¬ğŸ‡¾,Guyana
ğŸ‡°ğŸ‡¿,Kazakhstan
ğŸ‡¶ğŸ‡¦,Qatar
ğŸ‡¨ğŸ‡¦,Canada
ğŸ‡¬ğŸ‡¦,Gabon
ğŸ‡¨ğŸ‡²,Cameroon
ğŸ‡°ğŸ‡·,South Korea
ğŸ‡¬ğŸ‡²,Gambia
ğŸ‡°ğŸ‡­,Cambodia
ğŸ‡°ğŸ‡µ,North Korea
ğŸ‡²ğŸ‡°,North Macedonia
ğŸ‡¬ğŸ‡³,Guinea
ğŸ‡¬ğŸ‡¼,Guinea-Bissau
ğŸ‡¨ğŸ‡¾,Cyprus
ğŸ‡¨ğŸ‡º,Cuba
ğŸ‡¬ğŸ‡·,Greece
ğŸ‡°ğŸ‡®,Kiribati
ğŸ‡°ğŸ‡¬,Kyrgyzstan
ğŸ‡¬ğŸ‡¹,Guatemala
ğŸ‡°ğŸ‡¼,Kuwait
ğŸ‡¨ğŸ‡°,Cook Islands
ğŸ‡¬ğŸ‡©,Grenada
ğŸ‡­ğŸ‡·,Croatia
ğŸ‡°ğŸ‡ª,Kenya
ğŸ‡¨ğŸ‡®,CÃ´te dâ€™Ivoire
ğŸ‡¨ğŸ‡·,Costa Rica
ğŸ‡°ğŸ‡²,Comoros
ğŸ‡¨ğŸ‡´,Colombia
ğŸ‡¨ğŸ‡¬,Congo - Brazzaville
ğŸ‡¨ğŸ‡©,Congo - Kinshasa
ğŸ‡¸ğŸ‡¦,Saudi Arabia
ğŸ‡¼ğŸ‡¸,Samoa
ğŸ‡¸ğŸ‡¹,SÃ£o TomÃ© & PrÃ­ncipe
ğŸ‡¿ğŸ‡²,Zambia
ğŸ‡¸ğŸ‡²,San Marino
ğŸ‡¸ğŸ‡±,Sierra Leone
ğŸ‡©ğŸ‡¯,Djibouti
ğŸ‡¯ğŸ‡²,Jamaica
ğŸ‡¬ğŸ‡ª,Georgia
ğŸ‡¸ğŸ‡¾,Syria
ğŸ‡¸ğŸ‡¬,Singapore
ğŸ‡¿ğŸ‡¼,Zimbabwe
ğŸ‡¨ğŸ‡­,Switzerland
ğŸ‡¸ğŸ‡ª,Sweden
ğŸ‡¸ğŸ‡©,Sudan
ğŸ‡ªğŸ‡¸,Spain
ğŸ‡¸ğŸ‡·,Suriname
ğŸ‡±ğŸ‡°,Sri Lanka
ğŸ‡¸ğŸ‡°,Slovakia
ğŸ‡¸ğŸ‡®,Slovenia
ğŸ‡¸ğŸ‡¨,Seychelles
ğŸ‡¬ğŸ‡¶,Equatorial Guinea
ğŸ‡¸ğŸ‡³,Senegal
ğŸ‡·ğŸ‡¸,Serbia
ğŸ‡°ğŸ‡³,St. Kitts & Nevis
ğŸ‡»ğŸ‡¨,St. Vincent & Grenadines
ğŸ‡±ğŸ‡¨,St. Lucia
ğŸ‡¸ğŸ‡´,Somalia
ğŸ‡¸ğŸ‡§,Solomon Islands
ğŸ‡¹ğŸ‡­,Thailand
ğŸ‡¹ğŸ‡¯,Tajikistan
ğŸ‡¹ğŸ‡¿,Tanzania
ğŸ‡¨ğŸ‡¿,Czechia
ğŸ‡¹ğŸ‡©,Chad
ğŸ‡¨ğŸ‡«,Central African Republic
ğŸ‡¨ğŸ‡³,China
ğŸ‡¹ğŸ‡¼,Taiwan
ğŸ‡¹ğŸ‡³,Tunisia
ğŸ‡¨ğŸ‡±,Chile
ğŸ‡¹ğŸ‡»,Tuvalu
ğŸ‡©ğŸ‡°,Denmark
ğŸ‡©ğŸ‡ª,Germany
ğŸ‡¹ğŸ‡¬,Togo
ğŸ‡©ğŸ‡´,Dominican Republic
ğŸ‡©ğŸ‡²,Dominica
ğŸ‡¹ğŸ‡¹,Trinidad & Tobago
ğŸ‡¹ğŸ‡²,Turkmenistan
ğŸ‡¹ğŸ‡·,Turkey
ğŸ‡¹ğŸ‡´,Tonga
ğŸ‡³ğŸ‡¬,Nigeria
ğŸ‡³ğŸ‡·,Nauru
ğŸ‡³ğŸ‡¦,Namibia
ğŸ‡³ğŸ‡º,Niue
ğŸ‡³ğŸ‡®,Nicaragua
ğŸ‡³ğŸ‡ª,Niger
ğŸ‡ªğŸ‡­,Western Sahara
ğŸ‡¯ğŸ‡µ,Japan
ğŸ‡³ğŸ‡¿,New Zealand
ğŸ‡³ğŸ‡µ,Nepal
ğŸ‡³ğŸ‡´,Norway
ğŸ‡§ğŸ‡­,Bahrain
ğŸ‡­ğŸ‡¹,Haiti
ğŸ‡µğŸ‡°,Pakistan
ğŸ‡»ğŸ‡¦,Vatican City
ğŸ‡µğŸ‡¦,Panama
ğŸ‡»ğŸ‡º,Vanuatu
ğŸ‡§ğŸ‡¸,Bahamas
ğŸ‡µğŸ‡¬,Papua New Guinea
ğŸ‡µğŸ‡¼,Palau
ğŸ‡µğŸ‡¾,Paraguay
ğŸ‡§ğŸ‡§,Barbados
ğŸ‡µğŸ‡¸,Palestinian Territories
ğŸ‡­ğŸ‡º,Hungary
ğŸ‡§ğŸ‡©,Bangladesh
ğŸ‡¹ğŸ‡±,Timor-Leste
ğŸ‡«ğŸ‡¯,Fiji
ğŸ‡µğŸ‡­,Philippines
ğŸ‡«ğŸ‡®,Finland
ğŸ‡§ğŸ‡¹,Bhutan
ğŸ‡§ğŸ‡·,Brazil
ğŸ‡«ğŸ‡·,France
ğŸ‡§ğŸ‡¬,Bulgaria
ğŸ‡§ğŸ‡«,Burkina Faso
ğŸ‡§ğŸ‡³,Brunei
ğŸ‡§ğŸ‡®,Burundi
ğŸ‡»ğŸ‡³,Vietnam
ğŸ‡§ğŸ‡¯,Benin
ğŸ‡»ğŸ‡ª,Venezuela
ğŸ‡§ğŸ‡¾,Belarus
ğŸ‡§ğŸ‡¿,Belize
ğŸ‡µğŸ‡ª,Peru
ğŸ‡§ğŸ‡ª,Belgium
ğŸ‡µğŸ‡±,Poland
ğŸ‡§ğŸ‡¦,Bosnia & Herzegovina
ğŸ‡§ğŸ‡¼,Botswana
ğŸ‡§ğŸ‡´,Bolivia
ğŸ‡µğŸ‡¹,Portugal
ğŸ‡­ğŸ‡³,Honduras
ğŸ‡²ğŸ‡­,Marshall Islands
ğŸ‡²ğŸ‡¬,Madagascar
ğŸ‡²ğŸ‡¼,Malawi
ğŸ‡²ğŸ‡±,Mali
ğŸ‡²ğŸ‡¹,Malta
ğŸ‡²ğŸ‡¾,Malaysia
ğŸ‡«ğŸ‡²,Micronesia
ğŸ‡¿ğŸ‡¦,South Africa
ğŸ‡¸ğŸ‡¸,South Sudan
ğŸ‡²ğŸ‡²,Myanmar (Burma)
ğŸ‡²ğŸ‡½,Mexico
ğŸ‡²ğŸ‡º,Mauritius
ğŸ‡²ğŸ‡·,Mauritania
ğŸ‡²ğŸ‡¿,Mozambique
ğŸ‡²ğŸ‡¨,Monaco
ğŸ‡²ğŸ‡»,Maldives
ğŸ‡²ğŸ‡©,Moldova
ğŸ‡²ğŸ‡¦,Morocco
ğŸ‡²ğŸ‡³,Mongolia
ğŸ‡²ğŸ‡ª,Montenegro
ğŸ‡¯ğŸ‡´,Jordan
ğŸ‡±ğŸ‡¦,Laos
ğŸ‡±ğŸ‡»,Latvia
ğŸ‡±ğŸ‡¹,Lithuania
ğŸ‡±ğŸ‡¾,Libya
ğŸ‡±ğŸ‡®,Liechtenstein
ğŸ‡±ğŸ‡·,Liberia
ğŸ‡·ğŸ‡´,Romania
ğŸ‡±ğŸ‡º,Luxembourg
ğŸ‡·ğŸ‡¼,Rwanda
ğŸ‡±ğŸ‡¸,Lesotho
ğŸ‡±ğŸ‡§,Lebanon
ğŸ‡·ğŸ‡º,Russia